{
  "accuracy": [
    0.5436024069786072,
    0.645321786403656,
    0.6689483523368835,
    0.681313693523407,
    0.6907201409339905,
    0.6988606452941895,
    0.7047783136367798,
    0.7101365923881531,
    0.7131395936012268,
    0.7175410985946655,
    0.7187923192977905,
    0.7214714884757996,
    0.7239592671394348,
    0.7255343794822693,
    0.7275216579437256,
    0.7301860451698303,
    0.7308632135391235,
    0.731407880783081,
    0.7341606020927429,
    0.7359418272972107
  ],
  "auc": [
    0.9069843292236328,
    0.9534937739372253,
    0.9596241116523743,
    0.9633937478065491,
    0.9648661613464355,
    0.967104434967041,
    0.9682174324989319,
    0.9690910577774048,
    0.9702274799346924,
    0.9702960252761841,
    0.9711565971374512,
    0.9714275002479553,
    0.9722775220870972,
    0.9725275635719299,
    0.9731753468513489,
    0.9732783436775208,
    0.9734725952148438,
    0.9738262295722961,
    0.9741474390029907,
    0.9747313261032104
  ],
  "loss": [
    1.6215697526931763,
    1.1743336915969849,
    1.0894864797592163,
    1.0365456342697144,
    1.007096767425537,
    0.975706160068512,
    0.9574705958366394,
    0.9423896670341492,
    0.9238988161087036,
    0.9140550494194031,
    0.9046346545219421,
    0.8954111337661743,
    0.8873884677886963,
    0.8801504969596863,
    0.8717237710952759,
    0.8645614385604858,
    0.8603188395500183,
    0.8564345836639404,
    0.848965048789978,
    0.8422143459320068
  ],
  "val_accuracy": [
    0.673398494720459,
    0.6945949196815491,
    0.7038388848304749,
    0.7118464708328247,
    0.7210315465927124,
    0.7206782698631287,
    0.7253885865211487,
    0.7226801514625549,
    0.7305699586868286,
    0.7298634052276611,
    0.7294512391090393,
    0.7332195043563843,
    0.7351036071777344,
    0.734455943107605,
    0.7381653189659119,
    0.7352802753448486,
    0.7380475997924805,
    0.7379298210144043,
    0.7379887104034424,
    0.7401672005653381
  ],
  "val_auc": [
    0.9616839289665222,
    0.9652882814407349,
    0.9676494002342224,
    0.9680306911468506,
    0.9690099358558655,
    0.9695162177085876,
    0.9698897004127502,
    0.9692345857620239,
    0.9695751070976257,
    0.9696149230003357,
    0.970123827457428,
    0.9699809551239014,
    0.9695640206336975,
    0.9699481725692749,
    0.9699292182922363,
    0.9695817232131958,
    0.96934974193573,
    0.9700161814689636,
    0.9692127108573914,
    0.9698984622955322
  ],
  "val_loss": [
    1.0824233293533325,
    1.0094313621520996,
    0.9697844982147217,
    0.9465232491493225,
    0.9239447116851807,
    0.9136586785316467,
    0.90190190076828,
    0.8998222351074219,
    0.8895273208618164,
    0.8891050815582275,
    0.8853851556777954,
    0.8807824850082397,
    0.8824089169502258,
    0.8780186176300049,
    0.8711097240447998,
    0.8761696815490723,
    0.8724141716957092,
    0.8722882270812988,
    0.8736135959625244,
    0.8728008270263672
  ]
}